mid,text
m_fqb2qU2vDf7Qw5cb7Z1jOjobDtonK2n3520rCwXQPtk68Nag_1YVyp1UHDiyKpC3lUOmriVu-f-GyMAawbsujQ,To register a business.
m_ES8S0n7bf1qBFgiLWwjMJDobDtonK2n3520rCwXQPtlvT6eR_ZFJsNbIx1RjM9EmpBVRmOjvd013MxPjL3IQrA,To register a business.
m_LCuVFycD3rxcuWn1IEqlQTobDtonK2n3520rCwXQPtneod6YigO0SoUBz2igrsoyX9GZ8WvgcxnLm3j9mYLKDA,How to register a business?
m_toZ-jNJmDKTB0rFJGBlgyjobDtonK2n3520rCwXQPtkY4fPYOlof1hGIUROszFkMn-nERJl1xg_w-x5wvtFM3w,How to register a business?
m_HIOX-JemYuLO4RVRH1VuwTobDtonK2n3520rCwXQPtlNW5PiTyFkCtwQ7zuXyiYupzZ-qIxMg8IJvFw1nJ13_Q,To register a business.
m_a4FSykARP7R9_TF83tvlaDobDtonK2n3520rCwXQPtlCoAGmCVqvVKuZYOWY1SkjNpmN36HVM6gvF_z4vIpwWA,How to register a business?
m_oW281V7583RBv5FHudnxfjobDtonK2n3520rCwXQPtkg5YKQu5x2aOJB6BvomEGCO-b6pvbSAj-AbKiqeaRwuA,What is the registration cost?
m_c50rr9lIBMwUQrwB9AJ6ADobDtonK2n3520rCwXQPtlb-ORo5XC5TZsHlfcnc8RYaLkf0BwFnZpnO0KRX1sUAg,Biashara NI nini.
m_lRqH67Q2HtjmbHMO3Hy-uTobDtonK2n3520rCwXQPtny60VX51ypB4yZFpZKoHHGwhwCGD9LPcnSHf8jmYPE1w,What is a good business name?
m_KUqR0ipNP6Nzbt9k7OLSTTobDtonK2n3520rCwXQPtkO6DoW4sfbHfrL9Ss9mlePZrPCYi2K46AcmfOZiOk_NA,How to register a business?
m_xDwu1w3XkAx1PKOWkK8zaTobDtonK2n3520rCwXQPtljZu_H7SXj-7fDhtOonJ-b5k4O-VlD2vYZOVzh_yraQg,What is a good business name?
m_WZ2_pNMisRLczjk1IH4t6TobDtonK2n3520rCwXQPtkajGdFpjoZstVtWXzMqfb94Cg4BFM2T0ds6MZNBur14Q,What is the registration cost?
m_WUG0s1u6ALZPovpnpSycWTobDtonK2n3520rCwXQPtmBJA6sRPL-Ga3HCpo4MgULNBXhaHu4GG6-3IT0OhaTug,Gina La Biashara yangu ini.
m_W_mJazvPYiB-NyCRhf5TvzobDtonK2n3520rCwXQPtkEFvN3sj03DN-gH8wkoIsi0hHMzv1b8Ai1riBM4fBE5g,Gina love Biashara yangu nini.
m_4TP0-53tpj13LgcYkCThsTobDtonK2n3520rCwXQPtm9GQfLi603ukqCRVA83HATiOgNOymxsINWDsg61hvKng,Business nini
m_5HeAu_b0a_Uq_2p29E5gfDobDtonK2n3520rCwXQPtkjokPmPRvj65BIA29YezKgPsEHcDOhKla-d6LFTrcriA,Enterprise nini
m_WPLFtU9q4Fct7uAMht7gMD38TlQ52mIQhHkZguCQeIPMOCKaYalE_UDtmPqKbGZB1ZR5l58lIKYXqXPw4eiw0w,Jumbo.
m_p6nEeAvjb3vG6XEdgz7yMz38TlQ52mIQhHkZguCQeIPp8k9g_pWSh9b-jH_KZUOoP98r8aCibrkgpkZ-PIaO-A,Jambo
m_zjRG-omdimy8w1osI3O2MT38TlQ52mIQhHkZguCQeIPECTcOKO2KdSf5o3a5l1TlBx98I6vN5pWZA9gZrvmi6A,"Jilla, labia, saraya, nguni."
m_X20Z1yN5_A0YcuTPOT0QmD38TlQ52mIQhHkZguCQeIOlRoTefT1ChtrxAiThC2hEbplG5HyipGqKxu-cMo0Kow,How does one get a business name?
