mid,filename
m_n70gQkGo9ebhppH5JrXjvzobDtonK2n3520rCwXQPtl3DIeeo7jjB3GCD6MoppaF8Gf57NHET4BGXYs8vHGcYA,utter_greet-eng
m_vpOpQrEnvWy1YTnW742wOzobDtonK2n3520rCwXQPtmhtlH99TY53N6DhpdfuU3ypLHnnVz_qH---X4DF9gz0g,utter_answer_info_business_name_1-eng
m_vpOpQrEnvWy1YTnW742wOzobDtonK2n3520rCwXQPtmhtlH99TY53N6DhpdfuU3ypLHnnVz_qH---X4DF9gz0g,utter_answer_info_business_name_2-eng
m_vpOpQrEnvWy1YTnW742wOzobDtonK2n3520rCwXQPtmhtlH99TY53N6DhpdfuU3ypLHnnVz_qH---X4DF9gz0g,utter_qn_want_to_register-eng
m__V2CiQG_xMpn0cSCQYgbxjobDtonK2n3520rCwXQPtlD10Vvapf60q95kfZZPnNyWkbHeAo8ofW9H0hYblQFCg,utter_answer_info_business_name_1-eng
m__V2CiQG_xMpn0cSCQYgbxjobDtonK2n3520rCwXQPtlD10Vvapf60q95kfZZPnNyWkbHeAo8ofW9H0hYblQFCg,utter_answer_info_business_name_2-eng
m__V2CiQG_xMpn0cSCQYgbxjobDtonK2n3520rCwXQPtlD10Vvapf60q95kfZZPnNyWkbHeAo8ofW9H0hYblQFCg,utter_qn_want_to_register-eng
m_mlc8Tkl_xWsTd1jYKlAS_jobDtonK2n3520rCwXQPtlMCAK1HGDx_auTOH8yLt9T0N4mewvhtL8BLnEO8sTQ_A,utter_answer_cost_register_company-eng
m_mlc8Tkl_xWsTd1jYKlAS_jobDtonK2n3520rCwXQPtlMCAK1HGDx_auTOH8yLt9T0N4mewvhtL8BLnEO8sTQ_A,utter_anything_else-eng
m_j6GeMD7IzuVEkPnJTd7XLzobDtonK2n3520rCwXQPtncKqzga7e52RFw4VuLL8WEU1kpgdGBfQ2cBkuiYZhjjg,utter_greet-eng
m_eTwT__e0oRsCgjGlFjfgYTobDtonK2n3520rCwXQPtkMe40o5gPxuNSQVymSNUCsuD4zlgk1gKONItTgWXcYaw,utter_collect_fallback-swh
m_eTwT__e0oRsCgjGlFjfgYTobDtonK2n3520rCwXQPtkMe40o5gPxuNSQVymSNUCsuD4zlgk1gKONItTgWXcYaw,utter_collect_fallback-eng
m_0OdfvP2ByHbJA7dv4qTgpjobDtonK2n3520rCwXQPtkaDorjoigHImQTbiDMgliq-Qc4YJxRmjyfCN8QCPNyiA,utter_answer_info_business_name_1-eng
m_0OdfvP2ByHbJA7dv4qTgpjobDtonK2n3520rCwXQPtkaDorjoigHImQTbiDMgliq-Qc4YJxRmjyfCN8QCPNyiA,utter_answer_info_business_name_2-eng
m_0OdfvP2ByHbJA7dv4qTgpjobDtonK2n3520rCwXQPtkaDorjoigHImQTbiDMgliq-Qc4YJxRmjyfCN8QCPNyiA,utter_qn_want_to_register-eng
m_UvHsb5l4RyJFL9RFG2VbgjobDtonK2n3520rCwXQPtl_8WZPR-BpigWFXDmZMfWFLS7yMj4WFlg6nAdi-HFyrQ,utter_collect_fallback-eng
m_NJ1ArWLsQy2w3hxDWn75RjobDtonK2n3520rCwXQPtnocAvIZN8e-So2qyAW87beBl6Afy4XzOElD5VIfKCQAQ,utter_collect_fallback-swh
m_UJkieWEfuQM88Y84MfjrYDobDtonK2n3520rCwXQPtlPoiN3DHxirkmFz6H0IkCtBdpGADaOGuYb8KOC8arReg,utter_collect_fallback-swh
m_ZnrnwH_wzDxN8AP7b5ddCzobDtonK2n3520rCwXQPtnrOSi4x66alY1RoucZ8hCLgR5lpzIAVx6b9oliY6gKhw,utter_answer_info_business_name_1-eng
m_ZnrnwH_wzDxN8AP7b5ddCzobDtonK2n3520rCwXQPtnrOSi4x66alY1RoucZ8hCLgR5lpzIAVx6b9oliY6gKhw,utter_answer_info_business_name_1-swh
m_ZnrnwH_wzDxN8AP7b5ddCzobDtonK2n3520rCwXQPtnrOSi4x66alY1RoucZ8hCLgR5lpzIAVx6b9oliY6gKhw,utter_answer_info_business_name_2-eng
m_ZnrnwH_wzDxN8AP7b5ddCzobDtonK2n3520rCwXQPtnrOSi4x66alY1RoucZ8hCLgR5lpzIAVx6b9oliY6gKhw,utter_answer_info_business_name_2-swh
m_ZnrnwH_wzDxN8AP7b5ddCzobDtonK2n3520rCwXQPtnrOSi4x66alY1RoucZ8hCLgR5lpzIAVx6b9oliY6gKhw,utter_qn_want_to_register-swh
m_gxIv5odaxfDCQiw8VXzoeDobDtonK2n3520rCwXQPtmwiJNcfWnMXnJhoWeYaAqiA_ALFlKeI3h-2XwMNlQfsg,utter_greet-eng
m_2pdSD6tVwlPHdYY9lKJe8zobDtonK2n3520rCwXQPtnbQACDQ914yv8bpbyP3tTbTIigDWaiGapqjdGs4wshOQ,utter_collect_fallback-eng
m_Ox5OxXFPwLrf3i_Cftoo1zobDtonK2n3520rCwXQPtmQkkjmEFeJ66xD77wSSy2mKrhiVW2Y3DgoEfgNOzTQFw,utter_answer_cost_register_company-eng
m_Ox5OxXFPwLrf3i_Cftoo1zobDtonK2n3520rCwXQPtmQkkjmEFeJ66xD77wSSy2mKrhiVW2Y3DgoEfgNOzTQFw,utter_anything_else-eng
m_WjBH8btdrlz84EDbPW37VTobDtonK2n3520rCwXQPtlXJJoAHZCTh47MTVTNC3XsBH73yYzNbeKCvLbHJ9UE0g,utter_answer_cost_register_company-eng
m_WjBH8btdrlz84EDbPW37VTobDtonK2n3520rCwXQPtlXJJoAHZCTh47MTVTNC3XsBH73yYzNbeKCvLbHJ9UE0g,utter_anything_else-eng
m_aBWtncqZ-CtdPjwyl5WuITobDtonK2n3520rCwXQPtlQh9Ucb7UvCq8W4NHy3lxCTqAjSh9QBIlgd4CjN2_Tpg,utter_answer_info_business_name_1-eng
m_aBWtncqZ-CtdPjwyl5WuITobDtonK2n3520rCwXQPtlQh9Ucb7UvCq8W4NHy3lxCTqAjSh9QBIlgd4CjN2_Tpg,utter_answer_info_business_name_2-eng
m_aBWtncqZ-CtdPjwyl5WuITobDtonK2n3520rCwXQPtlQh9Ucb7UvCq8W4NHy3lxCTqAjSh9QBIlgd4CjN2_Tpg,utter_qn_want_to_register-eng
m_Nn4qMUqcE-KR4MeHs89NDjobDtonK2n3520rCwXQPtlRWUKyENLkDG34wc8UsQkeb2B50oa1YLiB2XB9hFL-Og,utter_answer_info_business_name_1-eng
m_Nn4qMUqcE-KR4MeHs89NDjobDtonK2n3520rCwXQPtlRWUKyENLkDG34wc8UsQkeb2B50oa1YLiB2XB9hFL-Og,utter_answer_info_business_name_2-eng
m_Nn4qMUqcE-KR4MeHs89NDjobDtonK2n3520rCwXQPtlRWUKyENLkDG34wc8UsQkeb2B50oa1YLiB2XB9hFL-Og,utter_answer_info_business_name_1-swh
m_Nn4qMUqcE-KR4MeHs89NDjobDtonK2n3520rCwXQPtlRWUKyENLkDG34wc8UsQkeb2B50oa1YLiB2XB9hFL-Og,utter_answer_info_business_name_2-swh
m_Nn4qMUqcE-KR4MeHs89NDjobDtonK2n3520rCwXQPtlRWUKyENLkDG34wc8UsQkeb2B50oa1YLiB2XB9hFL-Og,utter_qn_want_to_register-swh
m_p2dynxZex2qQ8ie_LjvfqjobDtonK2n3520rCwXQPtmXerP6hOuKwl09eBr1ZOlXDntQEf2FCWS3UyrahrL_cQ,utter_collect_fallback-swh
m_eysXBnyw8ZIAAwghMpqBOzobDtonK2n3520rCwXQPtnRmNmQbCHdgExjNc-lD_JUxGzhxdZVvcyK87JxjaHmzw,utter_answer_register_business_name_1-eng
m_eysXBnyw8ZIAAwghMpqBOzobDtonK2n3520rCwXQPtnRmNmQbCHdgExjNc-lD_JUxGzhxdZVvcyK87JxjaHmzw,utter_answer_register_business_name_2-eng
m_eysXBnyw8ZIAAwghMpqBOzobDtonK2n3520rCwXQPtnRmNmQbCHdgExjNc-lD_JUxGzhxdZVvcyK87JxjaHmzw,utter_anything_else-eng
m_2_x3VAAo-ep99AMf6tc2pDobDtonK2n3520rCwXQPtnb95SU-0RlRNj0v0vlzFavtwfQjP74ujroTGD_tqgCog,utter_answer_info_business_name_1-eng
m_2_x3VAAo-ep99AMf6tc2pDobDtonK2n3520rCwXQPtnb95SU-0RlRNj0v0vlzFavtwfQjP74ujroTGD_tqgCog,utter_answer_info_business_name_2-eng
m_2_x3VAAo-ep99AMf6tc2pDobDtonK2n3520rCwXQPtnb95SU-0RlRNj0v0vlzFavtwfQjP74ujroTGD_tqgCog,utter_qn_want_to_register-eng
m_dxiBS7lrxlOcVfReXM-u-jobDtonK2n3520rCwXQPtl5zEfiP2Db2glww8gKk4FSSDycNC3hQmdxUOYaBlxGCg,utter_answer_register_business_name_1-swh
m_dxiBS7lrxlOcVfReXM-u-jobDtonK2n3520rCwXQPtl5zEfiP2Db2glww8gKk4FSSDycNC3hQmdxUOYaBlxGCg,utter_answer_register_business_name_2-swh
m_dxiBS7lrxlOcVfReXM-u-jobDtonK2n3520rCwXQPtl5zEfiP2Db2glww8gKk4FSSDycNC3hQmdxUOYaBlxGCg,utter_anything_else-swh
m_rJmA5PoEEIRI18nPCCqmtjobDtonK2n3520rCwXQPtnEIzFfkyO8nhudDX9UI2jP0CPt_5RPe5aKYQSZeq25zg,utter_answer_info_business_name_1-eng
m_rJmA5PoEEIRI18nPCCqmtjobDtonK2n3520rCwXQPtnEIzFfkyO8nhudDX9UI2jP0CPt_5RPe5aKYQSZeq25zg,utter_answer_info_business_name_2-eng
m_rJmA5PoEEIRI18nPCCqmtjobDtonK2n3520rCwXQPtnEIzFfkyO8nhudDX9UI2jP0CPt_5RPe5aKYQSZeq25zg,utter_qn_want_to_register-eng
m_nIQt7bzbQ7vm_vQrxQmxujobDtonK2n3520rCwXQPtmbhaswBZqvJgQmeO_ZZljdPBQgkC1kaHnWuXhV55W-sA,utter_answer_info_business_name_1-swh
m_nIQt7bzbQ7vm_vQrxQmxujobDtonK2n3520rCwXQPtmbhaswBZqvJgQmeO_ZZljdPBQgkC1kaHnWuXhV55W-sA,utter_answer_info_business_name_2-swh
m_nIQt7bzbQ7vm_vQrxQmxujobDtonK2n3520rCwXQPtmbhaswBZqvJgQmeO_ZZljdPBQgkC1kaHnWuXhV55W-sA,utter_qn_want_to_register-swh
m_15kOGXe8U2hHeii35iSyxDobDtonK2n3520rCwXQPtkg1rx4WAsh0sUnmqM6oegrV_3DF2xu26fEOWTrQgGkEQ,utter_answer_register_business_name_1-eng
m_15kOGXe8U2hHeii35iSyxDobDtonK2n3520rCwXQPtkg1rx4WAsh0sUnmqM6oegrV_3DF2xu26fEOWTrQgGkEQ,utter_answer_register_business_name_2-eng
m_15kOGXe8U2hHeii35iSyxDobDtonK2n3520rCwXQPtkg1rx4WAsh0sUnmqM6oegrV_3DF2xu26fEOWTrQgGkEQ,utter_anything_else-eng
m_m5VEMChSIi_6omsHh6fpBzobDtonK2n3520rCwXQPtmW5v9OKJSXcu-zm9SC9xyaZlDDIXslIYFdLG1w-LBa3Q,utter_answer_info_business_name_1-eng
m_m5VEMChSIi_6omsHh6fpBzobDtonK2n3520rCwXQPtmW5v9OKJSXcu-zm9SC9xyaZlDDIXslIYFdLG1w-LBa3Q,utter_answer_info_business_name_2-eng
m_m5VEMChSIi_6omsHh6fpBzobDtonK2n3520rCwXQPtmW5v9OKJSXcu-zm9SC9xyaZlDDIXslIYFdLG1w-LBa3Q,utter_qn_want_to_register-eng
m_QkTPlSZZVD87npoqCd97aDobDtonK2n3520rCwXQPtkSotUgRIxtvou4QfomT5h8K_QvUAwjoy03kuq99N9xuw,utter_answer_info_business_name_1-eng
m_QkTPlSZZVD87npoqCd97aDobDtonK2n3520rCwXQPtkSotUgRIxtvou4QfomT5h8K_QvUAwjoy03kuq99N9xuw,utter_answer_info_business_name_2-eng
m_QkTPlSZZVD87npoqCd97aDobDtonK2n3520rCwXQPtkSotUgRIxtvou4QfomT5h8K_QvUAwjoy03kuq99N9xuw,utter_qn_want_to_register-eng
m_KiheMXBc_VAnIbZOFaK-bjobDtonK2n3520rCwXQPtl7T_OgPo4rH_FEBW1YX4T1p0UMIsFGHGZpUhistwVflg,utter_answer_info_business_name_1-eng
m_KiheMXBc_VAnIbZOFaK-bjobDtonK2n3520rCwXQPtl7T_OgPo4rH_FEBW1YX4T1p0UMIsFGHGZpUhistwVflg,utter_answer_info_business_name_1-swh
m_KiheMXBc_VAnIbZOFaK-bjobDtonK2n3520rCwXQPtl7T_OgPo4rH_FEBW1YX4T1p0UMIsFGHGZpUhistwVflg,utter_answer_info_business_name_2-eng
m_KiheMXBc_VAnIbZOFaK-bjobDtonK2n3520rCwXQPtl7T_OgPo4rH_FEBW1YX4T1p0UMIsFGHGZpUhistwVflg,utter_qn_want_to_register-eng
m_JEPOCqCQBNvnU_zKfFeqdzobDtonK2n3520rCwXQPtkUmyfXFyPumtJGcQ-tdIy6GbSayZg1p0Mp5Osdnco13A,utter_answer_info_business_name_1-swh
m_JEPOCqCQBNvnU_zKfFeqdzobDtonK2n3520rCwXQPtkUmyfXFyPumtJGcQ-tdIy6GbSayZg1p0Mp5Osdnco13A,utter_answer_info_business_name_2-swh
m_JEPOCqCQBNvnU_zKfFeqdzobDtonK2n3520rCwXQPtkUmyfXFyPumtJGcQ-tdIy6GbSayZg1p0Mp5Osdnco13A,utter_qn_want_to_register-swh
m_W3ikefDoaHhWdJRntf3rCTobDtonK2n3520rCwXQPtlHMvEfy9U9KmrRgm6HYCQ4j0tVB0yzd1vMU6RrDemP7A,utter_answer_info_business_name_1-swh
m_W3ikefDoaHhWdJRntf3rCTobDtonK2n3520rCwXQPtlHMvEfy9U9KmrRgm6HYCQ4j0tVB0yzd1vMU6RrDemP7A,utter_answer_info_business_name_2-swh
m_W3ikefDoaHhWdJRntf3rCTobDtonK2n3520rCwXQPtlHMvEfy9U9KmrRgm6HYCQ4j0tVB0yzd1vMU6RrDemP7A,utter_qn_want_to_register-swh
m_m1wrJ2E7Z7mZUu8Y_bSBmDobDtonK2n3520rCwXQPtl4zGEcYutSOqpQyqMV01Fta58d4jDYgQy4bkj9hYM7VQ,utter_answer_info_business_name_1-swh
m_m1wrJ2E7Z7mZUu8Y_bSBmDobDtonK2n3520rCwXQPtl4zGEcYutSOqpQyqMV01Fta58d4jDYgQy4bkj9hYM7VQ,utter_answer_info_business_name_2-swh
m_m1wrJ2E7Z7mZUu8Y_bSBmDobDtonK2n3520rCwXQPtl4zGEcYutSOqpQyqMV01Fta58d4jDYgQy4bkj9hYM7VQ,utter_qn_want_to_register-swh
m_Qow28esLTL8r25-7Eb13UzobDtonK2n3520rCwXQPtlyxUawSmrDKw-bt3oS8YXFUkdAAfqVVgl46VqNOxNkLQ,utter_answer_close_business-swh
m_Qow28esLTL8r25-7Eb13UzobDtonK2n3520rCwXQPtlyxUawSmrDKw-bt3oS8YXFUkdAAfqVVgl46VqNOxNkLQ,utter_anything_else-swh
m_Qow28esLTL8r25-7Eb13UzobDtonK2n3520rCwXQPtlyxUawSmrDKw-bt3oS8YXFUkdAAfqVVgl46VqNOxNkLQ,utter_answer_close_business-eng
m_Qow28esLTL8r25-7Eb13UzobDtonK2n3520rCwXQPtlyxUawSmrDKw-bt3oS8YXFUkdAAfqVVgl46VqNOxNkLQ,utter_anything_else-eng
m_hO1PQd9-y9fp85yHnrg9NDobDtonK2n3520rCwXQPtkM-YNXLiPekvgswpikXb10bhUS9r5NdiIZUX5o8tMm4Q,utter_answer_info_business_name_1-eng
m_hO1PQd9-y9fp85yHnrg9NDobDtonK2n3520rCwXQPtkM-YNXLiPekvgswpikXb10bhUS9r5NdiIZUX5o8tMm4Q,utter_answer_info_business_name_2-eng
m_hO1PQd9-y9fp85yHnrg9NDobDtonK2n3520rCwXQPtkM-YNXLiPekvgswpikXb10bhUS9r5NdiIZUX5o8tMm4Q,utter_qn_want_to_register-eng
m_XZvVCO625BQiLs5BIqNtrDobDtonK2n3520rCwXQPtl-vusAYPQD7eFZ7ZjF6owaFc7gXOdq355IiXe831zt-Q,utter_answer_info_business_name_1-swh
m_XZvVCO625BQiLs5BIqNtrDobDtonK2n3520rCwXQPtl-vusAYPQD7eFZ7ZjF6owaFc7gXOdq355IiXe831zt-Q,utter_answer_info_business_name_2-swh
m_XZvVCO625BQiLs5BIqNtrDobDtonK2n3520rCwXQPtl-vusAYPQD7eFZ7ZjF6owaFc7gXOdq355IiXe831zt-Q,utter_qn_want_to_register-swh
m_AeMEaF_x0JNbPQhq-DBhXDobDtonK2n3520rCwXQPtn2JX9uCo7amvBy1uwD-u0OnqjxbIeBqTcYvdv1tkY20Q,utter_answer_info_business_name_1-swh
m_AeMEaF_x0JNbPQhq-DBhXDobDtonK2n3520rCwXQPtn2JX9uCo7amvBy1uwD-u0OnqjxbIeBqTcYvdv1tkY20Q,utter_answer_info_business_name_2-swh
m_AeMEaF_x0JNbPQhq-DBhXDobDtonK2n3520rCwXQPtn2JX9uCo7amvBy1uwD-u0OnqjxbIeBqTcYvdv1tkY20Q,utter_qn_want_to_register-swh
m_C95dnXWkpna4EMg7lrVtezobDtonK2n3520rCwXQPtkcCvwNLvgphYAXhZe7w99KB0wSXgFTiO1YVsHwXo8C1Q,utter_answer_register_company_1-swh
m_C95dnXWkpna4EMg7lrVtezobDtonK2n3520rCwXQPtkcCvwNLvgphYAXhZe7w99KB0wSXgFTiO1YVsHwXo8C1Q,utter_anything_else-swh
m_72vXjn2beQ0m_Jxm0E7xwDobDtonK2n3520rCwXQPtlBuRC__FSvzF2swLkIGDeQ8ewLTlzpYlJSZnDFwnFEkw,utter_answer_register_company_1-swh
m_72vXjn2beQ0m_Jxm0E7xwDobDtonK2n3520rCwXQPtlBuRC__FSvzF2swLkIGDeQ8ewLTlzpYlJSZnDFwnFEkw,utter_answer_register_company_1-eng
m_72vXjn2beQ0m_Jxm0E7xwDobDtonK2n3520rCwXQPtlBuRC__FSvzF2swLkIGDeQ8ewLTlzpYlJSZnDFwnFEkw,utter_anything_else-swh
m_72vXjn2beQ0m_Jxm0E7xwDobDtonK2n3520rCwXQPtlBuRC__FSvzF2swLkIGDeQ8ewLTlzpYlJSZnDFwnFEkw,utter_anything_else-eng
m_yIfmqIwQvO8FjKzGLqQ2aTobDtonK2n3520rCwXQPtkdbjlYaCnfW9F3eZXFU2cBrZq_DKelgjP2mBQt8-Vx8w,utter_answer_register_company_1-swh
m_yIfmqIwQvO8FjKzGLqQ2aTobDtonK2n3520rCwXQPtkdbjlYaCnfW9F3eZXFU2cBrZq_DKelgjP2mBQt8-Vx8w,utter_anything_else-swh
m_qYR3Od-6wmLS5n_k3HWdFzobDtonK2n3520rCwXQPtmnppRfBxLVidb84Wyvljt5pr74-5A7c0fawpkvZOIrdg,utter_answer_register_company_1-swh
m_qYR3Od-6wmLS5n_k3HWdFzobDtonK2n3520rCwXQPtmnppRfBxLVidb84Wyvljt5pr74-5A7c0fawpkvZOIrdg,utter_anything_else-swh
m_S_M4lDwfgqiGIcYkYwP7YjobDtonK2n3520rCwXQPtk-I1zWzlsCatBvR87rFyadVBnVKtU6tDXiwzOTQK_xrQ,utter_answer_register_company_1-swh
m_S_M4lDwfgqiGIcYkYwP7YjobDtonK2n3520rCwXQPtk-I1zWzlsCatBvR87rFyadVBnVKtU6tDXiwzOTQK_xrQ,utter_anything_else-swh
m_6RzhUjUL3s8uqY73KQYZ5jobDtonK2n3520rCwXQPtkdx4mgVZkSm7xNS11oCKjDlE_V2keu0NLNoheOX8b5xw,utter_answer_register_company_1-swh
m_6RzhUjUL3s8uqY73KQYZ5jobDtonK2n3520rCwXQPtkdx4mgVZkSm7xNS11oCKjDlE_V2keu0NLNoheOX8b5xw,utter_anything_else-swh
m_oL3T8te0jTLa9HuBXXlMXDobDtonK2n3520rCwXQPtnwBtPiP1hec0vmYpeAdlyLhLsAtjlnXt7ges2otX8-fA,utter_answer_register_company_1-swh
m_oL3T8te0jTLa9HuBXXlMXDobDtonK2n3520rCwXQPtnwBtPiP1hec0vmYpeAdlyLhLsAtjlnXt7ges2otX8-fA,utter_anything_else-swh
m_5M1NMr40cOTshRdWFXS1GjobDtonK2n3520rCwXQPtmM0bj-Leh9tCNehGf6EyHqwSxCphUPsmqOaVr1aGxKnw,utter_answer_update_particulars_company_1-eng
m_5M1NMr40cOTshRdWFXS1GjobDtonK2n3520rCwXQPtmM0bj-Leh9tCNehGf6EyHqwSxCphUPsmqOaVr1aGxKnw,utter_answer_update_particulars_company_2-eng
m_5M1NMr40cOTshRdWFXS1GjobDtonK2n3520rCwXQPtmM0bj-Leh9tCNehGf6EyHqwSxCphUPsmqOaVr1aGxKnw,utter_anything_else-eng
m_gtWh24G235Zdu2PLS0q39zobDtonK2n3520rCwXQPtm6SA3FMB-lOdc9vJGEvOy5jQ0Buk0Ls460CG1C4-ewOQ,utter_greet-swh
m_vThoXl7W9KrxvRQ1Gf32KjobDtonK2n3520rCwXQPtn3bg-Bojcvmn6HkKqcJUoowr5jX3yTlPyfFGs72KE5zw,utter_answer_register_company_1-swh
m_vThoXl7W9KrxvRQ1Gf32KjobDtonK2n3520rCwXQPtn3bg-Bojcvmn6HkKqcJUoowr5jX3yTlPyfFGs72KE5zw,utter_anything_else-swh
m_XQ4W8uvG5RUHAq5u-A-OpjobDtonK2n3520rCwXQPtkNdGXsL6TiPApOSucBE7086y_nCi0lGolQpeCHQIUldQ,utter_collect_fallback-swh
m_z--3jLqIJyjiA9CiBzc1-DobDtonK2n3520rCwXQPtmO6WHgl01ycY3qAzPvmY4oaQ8mFHi-XDJ-RUSpJXJSTg,utter_collect_fallback-swh
m_yWPO_ruMU_2tCwPEPZ3vVjobDtonK2n3520rCwXQPtm6kR5kab3-j3xPWKUuFxCM8FF-HYD93Hg-MPJRBcqjMw,utter_collect_fallback-swh
m_CeYUlEXmOfbQmsZekjflSjobDtonK2n3520rCwXQPtmNeqjxRE71C_-NyQ07LWRzckIhML2w3EdII6U8grUKlA,utter_answer_register_company_1-swh
m_CeYUlEXmOfbQmsZekjflSjobDtonK2n3520rCwXQPtmNeqjxRE71C_-NyQ07LWRzckIhML2w3EdII6U8grUKlA,utter_anything_else-swh
m_qKiGgR_MfnIJlCXZXtuN9TobDtonK2n3520rCwXQPtmjkg53a9edPInT7D52P52fCBfyOUrTD2RqvHMYZHEmCA,utter_answer_how_long_register_business_name-swh
m_qKiGgR_MfnIJlCXZXtuN9TobDtonK2n3520rCwXQPtmjkg53a9edPInT7D52P52fCBfyOUrTD2RqvHMYZHEmCA,utter_anything_else-swh
m_q3d_ihhWDXcYASqvTM0g5j38TlQ52mIQhHkZguCQeIN3Dsl-ZoKogkb7UT1RdWNY11Wv8Tk5QR-utQt8hG8T-w,utter_greet-swh
m_gnYKciAb6JqtVB-oyD-DJT38TlQ52mIQhHkZguCQeINyUhXCbos0MfIDBJfdLHcyJkJmvP4IZcoPtEpOPE9Kbw,utter_answer_info_business_name_1-eng
m_gnYKciAb6JqtVB-oyD-DJT38TlQ52mIQhHkZguCQeINyUhXCbos0MfIDBJfdLHcyJkJmvP4IZcoPtEpOPE9Kbw,utter_answer_info_business_name_2-eng
m_gnYKciAb6JqtVB-oyD-DJT38TlQ52mIQhHkZguCQeINyUhXCbos0MfIDBJfdLHcyJkJmvP4IZcoPtEpOPE9Kbw,utter_qn_want_to_register-eng
m_Vx1Wl13Jf9p8wHsrvTjWpD38TlQ52mIQhHkZguCQeIOwSlAGFP8y1U7J6GFdtBuAv5uMK3SLRnA209inBDHhmA,utter_answer_register_business_name_1-eng
m_Vx1Wl13Jf9p8wHsrvTjWpD38TlQ52mIQhHkZguCQeIOwSlAGFP8y1U7J6GFdtBuAv5uMK3SLRnA209inBDHhmA,utter_answer_register_business_name_2-eng
m_Vx1Wl13Jf9p8wHsrvTjWpD38TlQ52mIQhHkZguCQeIOwSlAGFP8y1U7J6GFdtBuAv5uMK3SLRnA209inBDHhmA,utter_anything_else-eng
m_Vx1Wl13Jf9p8wHsrvTjWpD38TlQ52mIQhHkZguCQeIOwSlAGFP8y1U7J6GFdtBuAv5uMK3SLRnA209inBDHhmA,utter_what_is_your_question-eng
m_-U3L51QV9vv6mhCFt4NV0zobDtonK2n3520rCwXQPtnFPx0UR-AeRWXDLw2I_---ROiabnLMJdT8cF7XY2WKoQ,utter_answer_register_business_name_1-eng
m_-U3L51QV9vv6mhCFt4NV0zobDtonK2n3520rCwXQPtnFPx0UR-AeRWXDLw2I_---ROiabnLMJdT8cF7XY2WKoQ,utter_answer_register_business_name_2-eng
m_-U3L51QV9vv6mhCFt4NV0zobDtonK2n3520rCwXQPtnFPx0UR-AeRWXDLw2I_---ROiabnLMJdT8cF7XY2WKoQ,utter_anything_else-eng
m_KzHdvAxnm0ar2NeUjyEm_D38TlQ52mIQhHkZguCQeINmlCNfQCUx9R_GR_MBRLHSWqrh5H527xknti5b6wL1ow,utter_collect_fallback-swh
m_rz8e3_tudvcG_uahPpQapj38TlQ52mIQhHkZguCQeIOxdOf5GAsrAwmDTe8Hvl__mMu5llTuGQWb65TWsohSyA,utter_collect_fallback-swh
m_stbh0rP_lIpYxWrn4AshfDobDtonK2n3520rCwXQPtmlWlPa_qmkb2YSGP5j0UJZGEeRMoKlVEjFBhxpm2VNfA,utter_collect_fallback-eng
m_zOYeKjBo9nfglsFqmmi71TobDtonK2n3520rCwXQPtleC9lVFSMOAv3ox1mAfiS5Xr5OW3inGrkmayo1agnQLw,utter_answer_register_company_1-eng
m_zOYeKjBo9nfglsFqmmi71TobDtonK2n3520rCwXQPtleC9lVFSMOAv3ox1mAfiS5Xr5OW3inGrkmayo1agnQLw,utter_answer_register_company_1-swh
m_zOYeKjBo9nfglsFqmmi71TobDtonK2n3520rCwXQPtleC9lVFSMOAv3ox1mAfiS5Xr5OW3inGrkmayo1agnQLw,utter_anything_else-eng
m_U7lq3ZKu2k12hzUtAVByaHG4QVGQ7qUsMYxdf7wUc4r6FKbCcGqOuLrSixQFXvyjvwbUq-T-5RDtt6q3XfiBlw,utter_collect_fallback-eng
m_Cj1KFQ36jVcYmz6BvGxHLHG4QVGQ7qUsMYxdf7wUc4rZGVCifhM5RK-6IDOj_zS-FXwnyR31lM8DAqPGNEcdEw,utter_collect_fallback-eng
m__LfKiqtwzliYPoVIJHbj2nG4QVGQ7qUsMYxdf7wUc4qvgm6hIzexfvj0YKLXprvuHuz3UWd30HD8nRukM0zYLg,utter_answer_register_business_name_1-swh
m__LfKiqtwzliYPoVIJHbj2nG4QVGQ7qUsMYxdf7wUc4qvgm6hIzexfvj0YKLXprvuHuz3UWd30HD8nRukM0zYLg,utter_answer_register_business_name_2-swh
m__LfKiqtwzliYPoVIJHbj2nG4QVGQ7qUsMYxdf7wUc4qvgm6hIzexfvj0YKLXprvuHuz3UWd30HD8nRukM0zYLg,utter_anything_else-swh
m_rPYIhnVQDlqG9EeHc3XarHG4QVGQ7qUsMYxdf7wUc4pNDfoHgI4uRN4_mSd0iV9sxXCBHx8MBjZBzqaSjr3ooA,utter_answer_register_business_name_1-eng
m_rPYIhnVQDlqG9EeHc3XarHG4QVGQ7qUsMYxdf7wUc4pNDfoHgI4uRN4_mSd0iV9sxXCBHx8MBjZBzqaSjr3ooA,utter_answer_register_business_name_2-eng
m_rPYIhnVQDlqG9EeHc3XarHG4QVGQ7qUsMYxdf7wUc4pNDfoHgI4uRN4_mSd0iV9sxXCBHx8MBjZBzqaSjr3ooA,utter_anything_else-eng
m_0UxfvaaL8TWWtiSW8D_ABXG4QVGQ7qUsMYxdf7wUc4rlO7Fi0WVYcZwzdxR0rNrS55DnG8y3fF0nucggv13iEg,utter_answer_register_company_1-swh
m_0UxfvaaL8TWWtiSW8D_ABXG4QVGQ7qUsMYxdf7wUc4rlO7Fi0WVYcZwzdxR0rNrS55DnG8y3fF0nucggv13iEg,utter_anything_else-swh
m_9IooVDcqGzvB0RI7jhKhNnG4QVGQ7qUsMYxdf7wUc4obUvP4x7sVcTV7asD25Yzp-fQjvs57aC_l49-8tkxJWw,utter_answer_register_business_name_1-swh
m_9IooVDcqGzvB0RI7jhKhNnG4QVGQ7qUsMYxdf7wUc4obUvP4x7sVcTV7asD25Yzp-fQjvs57aC_l49-8tkxJWw,utter_answer_register_business_name_2-swh
m_9IooVDcqGzvB0RI7jhKhNnG4QVGQ7qUsMYxdf7wUc4obUvP4x7sVcTV7asD25Yzp-fQjvs57aC_l49-8tkxJWw,utter_anything_else-swh
m_HpNmY7J3mnPieUqGZWpS3HG4QVGQ7qUsMYxdf7wUc4rqCHXebLRzuDE8_wZeTuc2dAvN15z9GufJkIqvn0JdQg,utter_collect_fallback-swh
m_B-jreJJ0Ug_ZbMtX44IDz3G4QVGQ7qUsMYxdf7wUc4rDVJpCVE5S36L4MtM-4CMNe14tXqTEteysWvdlRun4-A,utter_answer_info_beneficial_owner_1-swh
m_B-jreJJ0Ug_ZbMtX44IDz3G4QVGQ7qUsMYxdf7wUc4rDVJpCVE5S36L4MtM-4CMNe14tXqTEteysWvdlRun4-A,utter_answer_info_beneficial_owner_2-swh
m_B-jreJJ0Ug_ZbMtX44IDz3G4QVGQ7qUsMYxdf7wUc4rDVJpCVE5S36L4MtM-4CMNe14tXqTEteysWvdlRun4-A,utter_answer_info_beneficial_owner_3-swh
m_B-jreJJ0Ug_ZbMtX44IDz3G4QVGQ7qUsMYxdf7wUc4rDVJpCVE5S36L4MtM-4CMNe14tXqTEteysWvdlRun4-A,utter_anything_else-swh
m_yfGZtfabMtoNLt2nNFolKXG4QVGQ7qUsMYxdf7wUc4oB3sy5LoGNNeVIGqZm7uBcZ-ExQfGee5IJY4WdFjLffA,utter_answer_info_beneficial_owner_1-eng
m_yfGZtfabMtoNLt2nNFolKXG4QVGQ7qUsMYxdf7wUc4oB3sy5LoGNNeVIGqZm7uBcZ-ExQfGee5IJY4WdFjLffA,utter_answer_info_beneficial_owner_2-eng
m_yfGZtfabMtoNLt2nNFolKXG4QVGQ7qUsMYxdf7wUc4oB3sy5LoGNNeVIGqZm7uBcZ-ExQfGee5IJY4WdFjLffA,utter_answer_info_beneficial_owner_3-eng
m_yfGZtfabMtoNLt2nNFolKXG4QVGQ7qUsMYxdf7wUc4oB3sy5LoGNNeVIGqZm7uBcZ-ExQfGee5IJY4WdFjLffA,utter_anything_else-eng
m_ANfAoa74ZyicBdUxtl-tzXG4QVGQ7qUsMYxdf7wUc4rInGfyTR8adBMTo9xIUPwc6D-5d_vtSY4DJDZl_hNP7g,utter_answer_info_business_name_1-eng
m_ANfAoa74ZyicBdUxtl-tzXG4QVGQ7qUsMYxdf7wUc4rInGfyTR8adBMTo9xIUPwc6D-5d_vtSY4DJDZl_hNP7g,utter_answer_info_business_name_2-eng
m_ANfAoa74ZyicBdUxtl-tzXG4QVGQ7qUsMYxdf7wUc4rInGfyTR8adBMTo9xIUPwc6D-5d_vtSY4DJDZl_hNP7g,utter_qn_want_to_register-eng
m_9gh11GCdzfQL2od6L062y3G4QVGQ7qUsMYxdf7wUc4oEbqZ_nhonWrQHBEFixboq-aCOdLe0gP0LwrRLs0eV_w,utter_answer_file_annual_returns-eng
m_9gh11GCdzfQL2od6L062y3G4QVGQ7qUsMYxdf7wUc4oEbqZ_nhonWrQHBEFixboq-aCOdLe0gP0LwrRLs0eV_w,utter_anything_else-eng
m_c0P4oA8pLBeiJK_PMp5d_HG4QVGQ7qUsMYxdf7wUc4oc8lPTz3lDjvGhxLYrv0FGZANOrQ35r8G3wv8d9FMwoQ,utter_what_is_your_question-eng
m_HZtJ7u-aaz-7uyxbPBBbNXG4QVGQ7qUsMYxdf7wUc4qZdFv23KlPanNFGHwZNXRIU3AuTx45zYfhSz9YNZp6jw,utter_collect_fallback-swh
m_UYgiw4rZHT6LKOPltrg_sHG4QVGQ7qUsMYxdf7wUc4qm9XeLqhMEYFUSoW5DR4JN6nW-SA-TGpaGlSvqW-an3w,utter_collect_fallback-eng
m_OzfS_mzlJG8OwgA2BchKvnG4QVGQ7qUsMYxdf7wUc4oEAe1JcpbW3tjaQNbkM5beoLPtxGwx1WlZaDk04pW1MA,utter_answer_how_long_register_business_name-eng
m_OzfS_mzlJG8OwgA2BchKvnG4QVGQ7qUsMYxdf7wUc4oEAe1JcpbW3tjaQNbkM5beoLPtxGwx1WlZaDk04pW1MA,utter_anything_else-eng
m_Eyoxp-gfizmRDtOatvC66nG4QVGQ7qUsMYxdf7wUc4qAkw-AmMgJE1UmAnQVlLktujo_iIXV_8-rl23IdU7dMQ,utter_answer_convert_business_name_to_company_1-swh
m_Eyoxp-gfizmRDtOatvC66nG4QVGQ7qUsMYxdf7wUc4qAkw-AmMgJE1UmAnQVlLktujo_iIXV_8-rl23IdU7dMQ,utter_answer_convert_business_name_to_company_2-swh
m_Eyoxp-gfizmRDtOatvC66nG4QVGQ7qUsMYxdf7wUc4qAkw-AmMgJE1UmAnQVlLktujo_iIXV_8-rl23IdU7dMQ,utter_anything_else-swh
m_KaVFnafA--QEu94sAFLh1XG4QVGQ7qUsMYxdf7wUc4rf7unUKSvuCyjwFxWJSRdb1WFyA2SJOpqq7oqkDoOfsw,utter_answer_update_particulars_company_1-eng
m_KaVFnafA--QEu94sAFLh1XG4QVGQ7qUsMYxdf7wUc4rf7unUKSvuCyjwFxWJSRdb1WFyA2SJOpqq7oqkDoOfsw,utter_answer_update_particulars_company_2-eng
m_KaVFnafA--QEu94sAFLh1XG4QVGQ7qUsMYxdf7wUc4rf7unUKSvuCyjwFxWJSRdb1WFyA2SJOpqq7oqkDoOfsw,utter_anything_else-eng
m_xhbj8UiTJ7IOZgfmqaED6HG4QVGQ7qUsMYxdf7wUc4rAXqOiVeDV3PhDZrqfWR5wE1ly6z9Tv6KygsuZYeXrew,utter_collect_fallback-eng
m_-AnJShAp-5lRtq6HMMjrPHG4QVGQ7qUsMYxdf7wUc4qNVOM0Ox4LcFw1C__LaLaB1oZkZFe5gdyfwFC75DBVvQ,utter_answer_file_annual_returns-eng
m_-AnJShAp-5lRtq6HMMjrPHG4QVGQ7qUsMYxdf7wUc4qNVOM0Ox4LcFw1C__LaLaB1oZkZFe5gdyfwFC75DBVvQ,utter_anything_else-eng
m_rNeSgK1jDhOkGnKy7GLL0HG4QVGQ7qUsMYxdf7wUc4pN7WzJ0mMg1a-FJrMoqRx3_WZR1C7Xt46gI-9H9NWzeg,utter_answer_file_annual_returns-eng
m_rNeSgK1jDhOkGnKy7GLL0HG4QVGQ7qUsMYxdf7wUc4pN7WzJ0mMg1a-FJrMoqRx3_WZR1C7Xt46gI-9H9NWzeg,utter_anything_else-eng
m_L5891SB0jWTYLUdUus-JynG4QVGQ7qUsMYxdf7wUc4oV2Njt3Hr4BmL4ibHu9S55sj9Uk_ypqqakqEBGxsoQfw,utter_what_is_your_question-swh
m_IJfejbJWDJ4-hzDnNwVtO3G4QVGQ7qUsMYxdf7wUc4rzmf5PxO4ZMR0CvxNjZysJAmbE-7CrZfX6LG9Wt03cyg,utter_what_is_your_question-eng
m_cN8Q0zMER7uzQ-euY33gZ3G4QVGQ7qUsMYxdf7wUc4puwvt0FYmGyphPYi_TzPW3OapfjhSM7Y-yMaMMF8WkVw,utter_answer_info_business_name_1-eng
m_cN8Q0zMER7uzQ-euY33gZ3G4QVGQ7qUsMYxdf7wUc4puwvt0FYmGyphPYi_TzPW3OapfjhSM7Y-yMaMMF8WkVw,utter_answer_info_business_name_2-eng
m_cN8Q0zMER7uzQ-euY33gZ3G4QVGQ7qUsMYxdf7wUc4puwvt0FYmGyphPYi_TzPW3OapfjhSM7Y-yMaMMF8WkVw,utter_qn_want_to_register-eng
m_MNW4oHDaVcrXBCVpaKtHo3G4QVGQ7qUsMYxdf7wUc4oyAZ6R7_3_Lr8o0t_ax7MciNh7GSWmWTpBJtO94lzkDg,utter_collect_fallback-eng
m_NsVvrfTnFGxEjTvZiccA-HG4QVGQ7qUsMYxdf7wUc4qHJMcbz592wCFy3CT4yeAd6W-tds-a39A0SsFwZEo_dg,utter_answer_register_company_1-swh
m_NsVvrfTnFGxEjTvZiccA-HG4QVGQ7qUsMYxdf7wUc4qHJMcbz592wCFy3CT4yeAd6W-tds-a39A0SsFwZEo_dg,utter_anything_else-swh
m_2328Ceg5VqioXWdaQWtOfXG4QVGQ7qUsMYxdf7wUc4pLti20Xq0PqgKmvOlGd8RjIQcoU8wBDLrMlLyTAz87fw,utter_answer_register_company_1-swh
m_2328Ceg5VqioXWdaQWtOfXG4QVGQ7qUsMYxdf7wUc4pLti20Xq0PqgKmvOlGd8RjIQcoU8wBDLrMlLyTAz87fw,utter_anything_else-swh
m_TQmUUpZ34Vy9Bi03cjjcaHG4QVGQ7qUsMYxdf7wUc4qW3FAYcB9WLbfcD8Yx2lEDvAKc-zgaTb4dPKQAbZJ1Kw,utter_collect_fallback-eng
m_t7dXAMpguJF3PMmDuCpyl3G4QVGQ7qUsMYxdf7wUc4rOlcuK5ZcC0YR69AbxjPgLTadq54aYlCOTsBe0pCvFfw,utter_answer_file_annual_returns-eng
m_t7dXAMpguJF3PMmDuCpyl3G4QVGQ7qUsMYxdf7wUc4rOlcuK5ZcC0YR69AbxjPgLTadq54aYlCOTsBe0pCvFfw,utter_anything_else-eng
m_59N0_38XxGIhA9c2qYbE7HG4QVGQ7qUsMYxdf7wUc4r3eJEh8mzDBVgmYf6Fg-TaWPNsgvhpxMhZkWUWfjzsVQ,utter_answer_register_business_name_1-eng
m_59N0_38XxGIhA9c2qYbE7HG4QVGQ7qUsMYxdf7wUc4r3eJEh8mzDBVgmYf6Fg-TaWPNsgvhpxMhZkWUWfjzsVQ,utter_answer_register_business_name_2-eng
m_59N0_38XxGIhA9c2qYbE7HG4QVGQ7qUsMYxdf7wUc4r3eJEh8mzDBVgmYf6Fg-TaWPNsgvhpxMhZkWUWfjzsVQ,utter_anything_else-eng
m_mhME5xwVpydvSX0p5Pz5D3G4QVGQ7qUsMYxdf7wUc4qmrDY4lMFiyrPRhCbz-szM7ioFNHITqGrzs7JOwcBvOw,utter_collect_fallback-eng
m_HgZFwYihJFcEb3IDMGP9nnG4QVGQ7qUsMYxdf7wUc4qvD-PRP7G2RcYRdD7zFLcmK3zaIXBa97yLF3e63bGMHw,utter_collect_fallback-eng
m_2iR6bPN1DV-f1XbbeTIo3HG4QVGQ7qUsMYxdf7wUc4pFte5el4POZb_W7SeOCudrjrv7n4RthsbGlhw6MMZxkg,utter_collect_fallback-eng
m_gBK5rziTcmRuEQinrTGi-XG4QVGQ7qUsMYxdf7wUc4pdTI0B4yPRTeVD5fy8_6EE-WJR_TGUxXKkFY7-ud4OOw,utter_answer_info_beneficial_owner_1-eng
m_gBK5rziTcmRuEQinrTGi-XG4QVGQ7qUsMYxdf7wUc4pdTI0B4yPRTeVD5fy8_6EE-WJR_TGUxXKkFY7-ud4OOw,utter_answer_info_beneficial_owner_2-eng
m_gBK5rziTcmRuEQinrTGi-XG4QVGQ7qUsMYxdf7wUc4pdTI0B4yPRTeVD5fy8_6EE-WJR_TGUxXKkFY7-ud4OOw,utter_answer_info_beneficial_owner_3-eng
m_gBK5rziTcmRuEQinrTGi-XG4QVGQ7qUsMYxdf7wUc4pdTI0B4yPRTeVD5fy8_6EE-WJR_TGUxXKkFY7-ud4OOw,utter_anything_else-eng
m_BWxsKlT4hm-lG2AXwPgGlXG4QVGQ7qUsMYxdf7wUc4o_mINWSMCtPI6eI72eRCIJpZUSBCxQN9dF-OmrTNuJEQ,utter_answer_info_business_name_1-eng
m_BWxsKlT4hm-lG2AXwPgGlXG4QVGQ7qUsMYxdf7wUc4o_mINWSMCtPI6eI72eRCIJpZUSBCxQN9dF-OmrTNuJEQ,utter_answer_info_business_name_2-eng
m_BWxsKlT4hm-lG2AXwPgGlXG4QVGQ7qUsMYxdf7wUc4o_mINWSMCtPI6eI72eRCIJpZUSBCxQN9dF-OmrTNuJEQ,utter_qn_want_to_register-eng
m_VUTIDHRwVDYckkW_2gfteXG4QVGQ7qUsMYxdf7wUc4qrD1GhSLpync1wKxuuDW2WBZw8PDqphr2CXIeYdNz2Kw,utter_answer_register_business_name_1-eng
m_VUTIDHRwVDYckkW_2gfteXG4QVGQ7qUsMYxdf7wUc4qrD1GhSLpync1wKxuuDW2WBZw8PDqphr2CXIeYdNz2Kw,utter_answer_register_business_name_2-eng
m_VUTIDHRwVDYckkW_2gfteXG4QVGQ7qUsMYxdf7wUc4qrD1GhSLpync1wKxuuDW2WBZw8PDqphr2CXIeYdNz2Kw,utter_anything_else-eng
m_VUTIDHRwVDYckkW_2gfteXG4QVGQ7qUsMYxdf7wUc4qrD1GhSLpync1wKxuuDW2WBZw8PDqphr2CXIeYdNz2Kw,utter_what_is_your_question-eng
m_EfaBdDMvSujl2q6KRyv2NTobDtonK2n3520rCwXQPtmMxaMkC2S4NJGgA6Nikz-gLZfK1-N8dbOVMUpvCsl1Hw,utter_answer_register_business_name_1-eng
m_EfaBdDMvSujl2q6KRyv2NTobDtonK2n3520rCwXQPtmMxaMkC2S4NJGgA6Nikz-gLZfK1-N8dbOVMUpvCsl1Hw,utter_answer_register_business_name_2-eng
m_EfaBdDMvSujl2q6KRyv2NTobDtonK2n3520rCwXQPtmMxaMkC2S4NJGgA6Nikz-gLZfK1-N8dbOVMUpvCsl1Hw,utter_anything_else-eng
m_qxZyEF8h7bF7kFmzjqpRuDobDtonK2n3520rCwXQPtn4itnjRZ0P6DCXRT4-f3Q2_wdPagNv398700T5JupByw,utter_greet-eng
m_qxZyEF8h7bF7kFmzjqpRuDobDtonK2n3520rCwXQPtn4itnjRZ0P6DCXRT4-f3Q2_wdPagNv398700T5JupByw,utter_privacy_policy-eng
m_qxZyEF8h7bF7kFmzjqpRuDobDtonK2n3520rCwXQPtn4itnjRZ0P6DCXRT4-f3Q2_wdPagNv398700T5JupByw,utter_choose_topic-eng
m_QlwiF9o-fcLY3Z7wdlherTobDtonK2n3520rCwXQPtnXWcA20m9tDq9_tNu8w17IUicT8T752Ej4JLPlGQO60A,utter_answer_register_company_1-swh
m_QlwiF9o-fcLY3Z7wdlherTobDtonK2n3520rCwXQPtnXWcA20m9tDq9_tNu8w17IUicT8T752Ej4JLPlGQO60A,utter_anything_else-swh
m_MnN_lzOxsvXHQHMmkw-a0TobDtonK2n3520rCwXQPtnvv3cEsI58H8xim-BenZS1NVEudWON2F2Z0pNziHM3tQ,utter_answer_update_particulars_company_1-eng
m_MnN_lzOxsvXHQHMmkw-a0TobDtonK2n3520rCwXQPtnvv3cEsI58H8xim-BenZS1NVEudWON2F2Z0pNziHM3tQ,utter_answer_update_particulars_company_2-eng
m_MnN_lzOxsvXHQHMmkw-a0TobDtonK2n3520rCwXQPtnvv3cEsI58H8xim-BenZS1NVEudWON2F2Z0pNziHM3tQ,utter_anything_else-eng
